time,load@tsung_controller@ip-172-31-22-131 
0,0.0 
10,0.0 
20,0.0 
30,0.0 
40,0.0 
50,0.0 
60,0.0 
70,0.0 
80,0.0 
90,0.0 
100,0.0 
110,0.0 
120,0.0 
130,0.0 
140,0.0703125 
150,0.0703125 
160,0.0703125 
170,0.0703125 
180,0.19921875 
190,0.19921875 
200,0.19921875 
210,0.19921875 
220,0.19921875 
230,0.23828125 
240,0.23828125 
250,0.23828125 
260,0.23828125 
270,0.23828125 
280,0.23828125 
290,0.23828125 
300,0.23828125 
310,0.23828125 
318,0.23828125 
