time,load@tsung_controller@ip-172-31-22-131 
0,0.0 
10,0.0 
20,0.0 
30,0.0 
40,0.0 
50,0.0 
60,0.0 
70,0.0 
80,0.0 
90,0.0 
100,0.0 
110,0.0 
120,0.0 
130,0.0 
140,0.0703125 
150,0.05859375 
160,0.05078125 
170,0.0390625 
180,0.19921875 
190,0.171875 
200,0.140625 
210,0.12109375 
220,0.1015625 
230,0.23828125 
240,0.2109375 
250,0.171875 
260,0.1484375 
270,0.12109375 
280,0.1015625 
290,0.08984375 
300,0.0703125 
310,0.05859375 
318,0.05078125 
